0.0,0.0,0.44512423872947693,1.0,0.0,0.0,0.0,0.0,0.0,0.0,0.0,0.0,0.0,0.0,0.0,0.0,0.0,0.0,0.0,0.0,0.0,0.0,0.0,0.0,0.0,0.0,0.0,0.0,0.0,0.0,0.0,1.0,0.0,0.0,0.0,0.0,0.0,-1.2863365411758423,0.19983085989952087,0.4401029944419861,-1.2863960266113281,0.1996230185031891,0.4001036286354065,0.0,0.0,0.0,0.0,0.0,0.0,-1.713575839996338,1.2073991298675537,-0.34977245330810547,0.0,0.0,0.0,9.999999747378752e-05,0.0,0.0,0.0,-1.5,0.0,3.0,0.7799999713897705,0.019999999552965164,0.019999999552965164,0.0,0.0,0.0,0.0,0.0,0.0,0.0,0.0,0.0,0.0,0.97969824,-0.9685686,0.94894063,0.5281642,-0.25262544,0.6486261,0.658937,0.77546185,-0.6189319,-0.62851584,-0.16914777,-0.5818743,-0.32278484,-11.931219,0.0,0.0,0.44512424,1.0,0.0,0.0,0.0,0.0,0.0,0.0,0.0,0.0,0.0,0.0,0.0,0.0,0.0,0.0,0.0,0.0,0.0,0.0,0.0,0.0,0.0,0.0,0.0,0.0,0.0,0.0,0.0,1.0,0.0,0.0,0.0,0.0,0.0,-1.2164352,0.18949145,0.44966626,-1.2164377,0.18946141,0.44940975,2.3241684,0.2096318,0.8538367,2.333263,0.1441934,0.86150956,-1.7222238,1.195335,-0.22845703,-0.0046179974,-0.44910246,2.7231913,0.0032906162,-0.041416783,-0.004907082,0.07646285,-1.3604609,-0.0873554,2.9120922,0.7553458,2.1759528e-05,0.0002365013,0.12952508,-0.6847264,0.6073006,1.8113203,2.8210573,-1.8528017,-1.8773446,-0.5188282,-0.00044586987,0.0003439831
0.0,0.0,0.44512423872947693,1.0,0.0,0.0,0.0,0.0,0.0,0.0,0.0,0.0,0.0,0.0,0.0,0.0,0.0,0.0,0.0,0.0,0.0,0.0,0.0,0.0,0.0,0.0,0.0,0.0,0.0,0.0,0.0,1.0,0.0,0.0,0.0,0.0,0.0,-1.216435194015503,0.18949145078659058,0.44966626167297363,-1.2164376974105835,0.18946141004562378,0.44940975308418274,2.3241684436798096,0.2096318006515503,0.853836715221405,2.3332629203796387,0.1441933959722519,0.8615095615386963,-1.7222237586975098,1.195335030555725,-0.2284570336341858,-0.004617997445166111,-0.4491024613380432,2.723191261291504,0.0032906162086874247,-0.04141678288578987,-0.004907081834971905,0.07646284997463226,-1.360460877418518,-0.08735539764165878,2.9120922088623047,0.7553458213806152,2.175952795369085e-05,0.00023650130606256425,0.1295250803232193,-0.6847264170646667,0.6073005795478821,1.8113203048706055,2.8210573196411133,-1.8528016805648804,-1.8773446083068848,-0.5188282132148743,-0.00044586986768990755,0.00034398309071548283,0.9802407,-0.97649837,0.91777545,0.35214233,0.104265936,0.6295434,0.52931577,0.87076336,-0.4969432,-0.5998453,-0.4148944,-0.21649705,-0.49407467,-11.6601305,0.0,0.0,0.44512424,1.0,0.0,0.0,0.0,0.0,0.0,0.0,0.0,0.0,0.0,0.0,0.0,0.0,0.0,0.0,0.0,0.0,0.0,0.0,0.0,0.0,0.0,0.0,0.0,0.0,0.0,0.0,0.0,1.0,0.0,0.0,0.0,0.0,0.0,-1.0825579,0.21714883,0.49968943,-1.0825474,0.21708608,0.49943835,2.836861,0.9069553,0.96152896,2.8753939,0.8436242,0.97892994,-1.7165009,1.1701217,-0.092083946,0.21350256,-0.5225895,2.7591949,0.009127884,-0.038051277,0.050905902,0.15018812,-1.2166026,-0.16211087,2.8209965,0.6926503,0.00021903835,4.0034458e-05,0.12201202,0.10564182,1.3228829,1.5301615,2.8099241,-1.4819596,-1.828125,-1.2881941,-0.00090480695,0.0009343878
0.0,0.0,0.44512423872947693,1.0,0.0,0.0,0.0,0.0,0.0,0.0,0.0,0.0,0.0,0.0,0.0,0.0,0.0,0.0,0.0,0.0,0.0,0.0,0.0,0.0,0.0,0.0,0.0,0.0,0.0,0.0,0.0,1.0,0.0,0.0,0.0,0.0,0.0,-1.0825579166412354,0.2171488255262375,0.4996894299983978,-1.0825474262237549,0.2170860767364502,0.4994383454322815,2.8368608951568604,0.9069553017616272,0.9615289568901062,2.875393867492676,0.8436241745948792,0.9789299368858337,-1.7165008783340454,1.170121669769287,-0.09208394587039948,0.21350255608558655,-0.5225895047187805,2.759194850921631,0.009127884171903133,-0.03805127739906311,0.050905901938676834,0.1501881182193756,-1.2166025638580322,-0.16211086511611938,2.8209965229034424,0.692650318145752,0.00021903835295233876,4.003445792477578e-05,0.12201201915740967,0.10564181953668594,1.322882890701294,1.5301614999771118,2.8099241256713867,-1.481959581375122,-1.828125,-1.2881940603256226,-0.0009048069478012621,0.0009343877900391817,0.9820172,-0.98067564,0.6835209,0.51948315,-0.024882767,0.16980997,0.3438596,0.86296874,-0.40121922,-0.43326887,-0.47303647,0.04852721,-0.40437475,-11.465932,0.0,0.0,0.44512424,1.0,0.0,0.0,0.0,0.0,0.0,0.0,0.0,0.0,0.0,0.0,0.0,0.0,0.0,0.0,0.0,0.0,0.0,0.0,0.0,0.0,0.0,0.0,0.0,0.0,0.0,0.0,0.0,1.0,0.0,0.0,0.0,0.0,0.0,-0.96138954,0.25303185,0.53160834,-0.9580566,0.23923604,0.49420986,2.1215575,0.5583139,0.51829296,2.1693256,0.42881423,0.570192,-1.6960286,1.1469907,0.01914881,0.46424425,-0.43088055,2.1530275,0.018923746,-0.038041215,0.10090283,0.20078632,-1.100305,-0.22331668,2.751438,0.61946094,0.04,1.0246696e-06,0.21288374,-0.01392605,0.6878596,0.9114964,2.4457445,-1.2053328,-1.3557563,-1.47332,0.00036151693,-0.00023702544
0.0,0.0,0.44512423872947693,1.0,0.0,0.0,0.0,0.0,0.0,0.0,0.0,0.0,0.0,0.0,0.0,0.0,0.0,0.0,0.0,0.0,0.0,0.0,0.0,0.0,0.0,0.0,0.0,0.0,0.0,0.0,0.0,1.0,0.0,0.0,0.0,0.0,0.0,-0.9613895416259766,0.253031849861145,0.5316083431243896,-0.958056628704071,0.2392360419034958,0.4942098557949066,2.1215574741363525,0.5583139061927795,0.5182929635047913,2.169325590133667,0.42881423234939575,0.5701919794082642,-1.6960285902023315,1.1469906568527222,0.01914880983531475,0.4642442464828491,-0.4308805465698242,2.1530275344848633,0.018923746421933174,-0.038041215389966965,0.10090283304452896,0.20078632235527039,-1.1003049612045288,-0.22331668436527252,2.7514379024505615,0.619460940361023,0.03999999910593033,1.0246695865134825e-06,0.21288374066352844,-0.013926049694418907,0.6878595948219299,0.9114964008331299,2.445744514465332,-1.2053327560424805,-1.3557562828063965,-1.4733200073242188,0.0003615169262047857,-0.00023702543694525957,0.98065525,-0.9780641,0.4409192,0.57558066,-0.049068954,-0.10365856,0.321484,0.7995435,-0.5546187,-0.33189702,-0.2024337,0.084148325,-0.49043414,-11.334745,0.0,0.0,0.44512424,1.0,0.0,0.0,0.0,0.0,0.0,0.0,0.0,0.0,0.0,0.0,0.0,0.0,0.0,0.0,0.0,0.0,0.0,0.0,0.0,0.0,0.0,0.0,0.0,0.0,0.0,0.0,0.0,1.0,0.0,0.0,0.0,0.0,0.0,-0.880662,0.26222894,0.55443496,-0.87697774,0.2452725,0.51839435,1.2643837,-0.13300651,0.41940004,1.2583507,-0.23522726,0.4666245,-1.6674188,1.1282191,0.09520781,0.5710696,-0.3559609,1.4321144,0.030524349,-0.03986257,0.12295624,0.2403954,-0.99873704,-0.3070088,2.6973574,0.58634186,0.04,2.8182458e-07,0.23843801,-0.025673456,0.07021288,0.80983347,2.156518,-1.6942769,-1.0512383,-0.6246443,0.00063731277,-0.00040904153
0.0,0.0,0.44512423872947693,1.0,0.0,0.0,0.0,0.0,0.0,0.0,0.0,0.0,0.0,0.0,0.0,0.0,0.0,0.0,0.0,0.0,0.0,0.0,0.0,0.0,0.0,0.0,0.0,0.0,0.0,0.0,0.0,1.0,0.0,0.0,0.0,0.0,0.0,-0.8806620240211487,0.26222893595695496,0.5544349551200867,-0.8769777417182922,0.24527250230312347,0.5183943510055542,1.2643836736679077,-0.1330065131187439,0.41940003633499146,1.2583507299423218,-0.23522725701332092,0.46662449836730957,-1.6674188375473022,1.1282191276550293,0.0952078104019165,0.571069598197937,-0.3559609055519104,1.4321143627166748,0.030524348840117455,-0.03986256942152977,0.12295623868703842,0.24039539694786072,-0.9987370371818542,-0.3070088028907776,2.697357416152954,0.5863418579101562,0.03999999910593033,2.818245832258981e-07,0.23843801021575928,-0.025673456490039825,0.07021287828683853,0.8098334670066833,2.15651798248291,-1.6942769289016724,-1.0512382984161377,-0.6246442794799805,0.000637312768958509,-0.00040904153138399124,0.9805101,-0.9809444,0.47205508,0.6394571,-0.024790252,0.18702237,0.27395254,0.7140857,-0.4913312,-0.27471763,0.05662942,0.09504631,-0.36099714,-11.213966,0.0,0.0,0.44512424,1.0,0.0,0.0,0.0,0.0,0.0,0.0,0.0,0.0,0.0,0.0,0.0,0.0,0.0,0.0,0.0,0.0,0.0,0.0,0.0,0.0,0.0,0.0,0.0,0.0,0.0,0.0,0.0,1.0,0.0,0.0,0.0,0.0,0.0,-0.81645995,0.2584266,0.57319397,-0.8130214,0.24034722,0.53767884,1.30152,0.018036157,0.3280935,1.2910995,-0.012377839,0.3427754,-1.6418002,1.1090366,0.1665756,0.49421757,-0.38667288,1.4318548,0.043620817,-0.040473413,0.13732539,0.27789706,-0.8882426,-0.38167533,2.6552877,0.59287477,0.04,1.6833164e-07,0.27265826,-0.009843843,0.3510358,0.7367298,2.181688,-1.4836015,-0.83536744,0.16687472,8.944225e-06,-0.00019324609
0.0,0.0,0.44512423872947693,1.0,0.0,0.0,0.0,0.0,0.0,0.0,0.0,0.0,0.0,0.0,0.0,0.0,0.0,0.0,0.0,0.0,0.0,0.0,0.0,0.0,0.0,0.0,0.0,0.0,0.0,0.0,0.0,1.0,0.0,0.0,0.0,0.0,0.0,-0.8164599537849426,0.25842660665512085,0.5731939673423767,-0.8130214214324951,0.240347221493721,0.5376788377761841,1.3015199899673462,0.01803615689277649,0.3280934989452362,1.2910995483398438,-0.012377838604152203,0.3427754044532776,-1.6418001651763916,1.1090365648269653,0.1665755957365036,0.49421757459640503,-0.38667288422584534,1.4318548440933228,0.043620817363262177,-0.04047341272234917,0.13732539117336273,0.27789705991744995,-0.8882426023483276,-0.3816753327846527,2.655287742614746,0.5928747653961182,0.03999999910593033,1.6833163840601628e-07,0.27265825867652893,-0.009843843057751656,0.35103580355644226,0.7367298007011414,2.181688070297241,-1.483601450920105,-0.8353674411773682,0.1668747216463089,8.944224646256771e-06,-0.00019324608729220927,0.9809363,-0.9833066,0.40330923,0.69665533,-0.11959432,0.056055345,0.4617383,0.56351316,-0.45505747,-0.19610915,0.3253819,-0.019930644,-0.21234803,-11.086101,0.0,0.0,0.44512424,1.0,0.0,0.0,0.0,0.0,0.0,0.0,0.0,0.0,0.0,0.0,0.0,0.0,0.0,0.0,0.0,0.0,0.0,0.0,0.0,0.0,0.0,0.0,0.0,0.0,0.0,0.0,0.0,1.0,0.0,0.0,0.0,0.0,0.0,-0.75700045,0.25985372,0.5960759,-0.7569772,0.25974134,0.59584194,1.108469,-0.019723233,0.48489755,1.110285,-0.0045505054,0.47800538,-1.6151202,1.091206,0.22968109,0.539988,-0.33840793,1.2404137,0.057560664,-0.052601546,0.14669137,0.33888343,-0.8053635,-0.45058468,2.6247046,0.6415019,0.0002605837,1.0633892e-08,0.2902707,-0.20037955,0.10288294,1.2941511,1.6404797,-1.3740461,-0.5989712,1.0112307,-6.72209e-05,-0.00012598559
0.0,0.0,0.44512423872947693,1.0,0.0,0.0,0.0,0.0,0.0,0.0,0.0,0.0,0.0,0.0,0.0,0.0,0.0,0.0,0.0,0.0,0.0,0.0,0.0,0.0,0.0,0.0,0.0,0.0,0.0,0.0,0.0,1.0,0.0,0.0,0.0,0.0,0.0,-0.7570004463195801,0.259853720664978,0.5960758924484253,-0.7569772005081177,0.25974133610725403,0.5958419442176819,1.108469009399414,-0.019723232835531235,0.48489755392074585,1.1102850437164307,-0.004550505429506302,0.47800537943840027,-1.6151201725006104,1.0912059545516968,0.2296810895204544,0.5399879813194275,-0.3384079337120056,1.2404136657714844,0.05756066367030144,-0.05260154604911804,0.14669136703014374,0.3388834297657013,-0.8053634762763977,-0.45058467984199524,2.624704599380493,0.6415019035339355,0.0002605837071314454,1.063389198918685e-08,0.29027068614959717,-0.20037955045700073,0.10288293659687042,1.2941510677337646,1.6404796838760376,-1.3740460872650146,-0.5989711880683899,1.011230707168579,-6.722089892718941e-05,-0.00012598559260368347,0.9805073,-0.98617935,0.23678795,0.72206354,-0.19017303,0.01791378,0.48576334,0.42836192,-0.39721552,-0.035067614,0.118592046,-0.18012463,-0.024247967,-10.984089,0.0,0.0,0.44512424,1.0,0.0,0.0,0.0,0.0,0.0,0.0,0.0,0.0,0.0,0.0,0.0,0.0,0.0,0.0,0.0,0.0,0.0,0.0,0.0,0.0,0.0,0.0,0.0,0.0,0.0,0.0,0.0,1.0,0.0,0.0,0.0,0.0,0.0,-0.7098093,0.25420228,0.6197036,-0.7097691,0.25401303,0.6193077,0.8568128,-0.39406657,0.11436086,0.82198286,-0.23802328,0.43838024,-1.5858055,1.0761838,0.2687832,0.5809482,-0.29037368,0.73634773,0.073007986,-0.073115095,0.15728968,0.4064792,-0.7480219,-0.51067203,2.6184886,0.6610547,5.020082e-06,0.00043559773,0.31569132,-0.41661504,0.09137072,1.3580397,1.1638343,-1.1953738,-0.09638921,0.36145735,-2.5707795e-06,-0.3613099
0.0,0.0,0.44512423872947693,1.0,0.0,0.0,0.0,0.0,0.0,0.0,0.0,0.0,0.0,0.0,0.0,0.0,0.0,0.0,0.0,0.0,0.0,0.0,0.0,0.0,0.0,0.0,0.0,0.0,0.0,0.0,0.0,1.0,0.0,0.0,0.0,0.0,0.0,-0.7098093032836914,0.254202276468277,0.6197035908699036,-0.7097691297531128,0.2540130317211151,0.6193076968193054,0.8568127751350403,-0.39406657218933105,0.11436086148023605,0.8219828605651855,-0.2380232810974121,0.43838024139404297,-1.5858055353164673,1.076183795928955,0.26878321170806885,0.5809481739997864,-0.29037368297576904,0.7363477349281311,0.0730079859495163,-0.07311509549617767,0.15728968381881714,0.40647920966148376,-0.7480219006538391,-0.5106720328330994,2.6184885501861572,0.6610546708106995,5.020081971451873e-06,0.0004355977289378643,0.3156913220882416,-0.4166150391101837,0.09137071669101715,1.3580397367477417,1.1638343334197998,-1.195373773574829,-0.09638921171426773,0.36145734786987305,-2.5707795430207625e-06,-0.36130988597869873,0.978442,-0.9869697,0.20850158,0.758342,-0.15555511,0.083775975,0.4363209,0.36842784,-0.40828544,-0.02541174,0.3469388,-0.26545694,0.041251574,-10.885326,0.0,0.0,0.44512424,1.0,0.0,0.0,0.0,0.0,0.0,0.0,0.0,0.0,0.0,0.0,0.0,0.0,0.0,0.0,0.0,0.0,0.0,0.0,0.0,0.0,0.0,0.0,0.0,0.0,0.0,0.0,0.0,1.0,0.0,0.0,0.0,0.0,0.0,-0.6739269,0.25804237,0.67785466,-0.67049414,0.2421391,0.64131033,0.7620995,-0.2851132,0.4466716,0.7542847,-0.23675194,0.42479923,-1.5571734,1.0616448,0.30035257,0.56401974,-0.28937855,0.62135315,0.08925289,-0.088230364,0.16475284,0.46784252,-0.6952433,-0.5717486,2.6155484,0.71331614,3.967337e-06,0.0399984,0.33201957,-0.28249535,0.1325381,1.2311449,1.0465878,-1.2231501,-0.05731899,1.0778018,-2.4207682e-05,0.000108147586
0.0,0.0,0.44512423872947693,1.0,0.0,0.0,0.0,0.0,0.0,0.0,0.0,0.0,0.0,0.0,0.0,0.0,0.0,0.0,0.0,0.0,0.0,0.0,0.0,0.0,0.0,0.0,0.0,0.0,0.0,0.0,0.0,1.0,0.0,0.0,0.0,0.0,0.0,-0.6739268898963928,0.2580423653125763,0.6778546571731567,-0.6704941391944885,0.24213910102844238,0.6413103342056274,0.7620995044708252,-0.2851131856441498,0.44667160511016846,0.754284679889679,-0.23675194382667542,0.42479923367500305,-1.5571733713150024,1.0616447925567627,0.3003525733947754,0.5640197396278381,-0.2893785536289215,0.6213531494140625,0.08925288915634155,-0.08823036402463913,0.16475284099578857,0.4678425192832947,-0.6952432990074158,-0.5717486143112183,2.6155483722686768,0.7133161425590515,3.967336851928849e-06,0.03999840095639229,0.332019567489624,-0.2824953496456146,0.1325380951166153,1.231144905090332,1.0465878248214722,-1.2231501340866089,-0.05731898918747902,1.0778018236160278,-2.420768214506097e-05,0.00010814758570631966,0.98117775,-0.98834145,0.16197775,0.7661526,-0.4116806,0.142873,0.46885705,0.47642323,-0.32257947,0.009278579,0.19069964,-0.21966265,-0.012025715,-10.790289,0.0,0.0,0.44512424,1.0,0.0,0.0,0.0,0.0,0.0,0.0,0.0,0.0,0.0,0.0,0.0,0.0,0.0,0.0,0.0,0.0,0.0,0.0,0.0,0.0,0.0,0.0,0.0,0.0,0.0,0.0,0.0,1.0,0.0,0.0,0.0,0.0,0.0,-0.6337943,0.22504546,0.64695793,-0.6337792,0.2249486,0.6467169,0.71972954,-0.38447472,-0.02074293,0.69786304,-0.37057614,-0.02775231,-1.5287796,1.047888,0.32470125,0.56778145,-0.271309,0.4739385,0.10762211,-0.13470462,0.18079863,0.5382633,-0.6299891,-0.6203199,2.6156962,0.74380845,0.0,0.0002602174,0.36178192,-1.0531517,0.3043432,1.3553922,1.3758311,-0.9548291,0.003010533,0.5875457,-6.0419197e-06,5.6428304e-05
0.0,0.0,0.44512423872947693,1.0,0.0,0.0,0.0,0.0,0.0,0.0,0.0,0.0,0.0,0.0,0.0,0.0,0.0,0.0,0.0,0.0,0.0,0.0,0.0,0.0,0.0,0.0,0.0,0.0,0.0,0.0,0.0,1.0,0.0,0.0,0.0,0.0,0.0,-0.6337943077087402,0.22504545748233795,0.6469579339027405,-0.6337792277336121,0.22494859993457794,0.6467168927192688,0.7197295427322388,-0.3844747245311737,-0.020742930471897125,0.6978630423545837,-0.3705761432647705,-0.027752310037612915,-1.5287796258926392,1.0478880405426025,0.3247012495994568,0.5677814483642578,-0.2713089883327484,0.4739384949207306,0.10762210935354233,-0.1347046196460724,0.18079863488674164,0.5382633209228516,-0.6299890875816345,-0.6203199028968811,2.6156961917877197,0.7438084483146667,0.0,0.00026021740632131696,0.36178192496299744,-1.0531517267227173,0.30434319376945496,1.3553922176361084,1.375831127166748,-0.9548290967941284,0.0030105330515652895,0.5875456929206848,-6.041919732524548e-06,5.642830365104601e-05,0.9796582,-0.9887684,0.14568397,0.80407566,-0.2858198,0.20956588,0.7243035,0.42698523,-0.4027949,-0.055146076,0.23430541,-0.16247469,0.111941084,-10.696965,0.0,0.0,0.44512424,1.0,0.0,0.0,0.0,0.0,0.0,0.0,0.0,0.0,0.0,0.0,0.0,0.0,0.0,0.0,0.0,0.0,0.0,0.0,0.0,0.0,0.0,0.0,0.0,0.0,0.0,0.0,0.0,1.0,0.0,0.0,0.0,0.0,0.0,-0.601267,0.22278668,0.69562125,-0.59915245,0.20967947,0.6578889,0.6854741,-0.3347236,0.27244872,0.68783,-0.2649221,0.24816334,-1.5003098,1.0342256,0.34564155,0.57007277,-0.26901478,0.4178439,0.12437317,-0.17556526,0.20561801,0.6408993,-0.5640234,-0.6802383,2.6085336,0.77979314,0.0,0.04,0.3435573,-0.7135713,0.4997937,2.145984,1.26804,-1.2118739,-0.15226935,0.7262025,-2.7837272e-05,0.00018679707
0.0,0.0,0.44512423872947693,1.0,0.0,0.0,0.0,0.0,0.0,0.0,0.0,0.0,0.0,0.0,0.0,0.0,0.0,0.0,0.0,0.0,0.0,0.0,0.0,0.0,0.0,0.0,0.0,0.0,0.0,0.0,0.0,1.0,0.0,0.0,0.0,0.0,0.0,-0.6012669801712036,0.22278667986392975,0.6956212520599365,-0.5991524457931519,0.2096794694662094,0.6578888893127441,0.6854740977287292,-0.3347235918045044,0.27244871854782104,0.6878299713134766,-0.2649221122264862,0.2481633424758911,-1.5003098249435425,1.034225583076477,0.345641553401947,0.5700727701187134,-0.26901477575302124,0.41784390807151794,0.1243731677532196,-0.17556525766849518,0.2056180089712143,0.6408993005752563,-0.5640233755111694,-0.6802383065223694,2.6085336208343506,0.7797931432723999,0.0,0.03999999910593033,0.34355729818344116,-0.713571310043335,0.4997937083244324,2.145983934402466,1.2680399417877197,-1.2118738889694214,-0.15226934850215912,0.7262024879455566,-2.783727177302353e-05,0.00018679707136470824,0.9832661,-0.9901156,0.13520801,0.8100133,-0.3102695,0.14225125,0.6470636,0.45301837,-0.3968387,-0.10237312,0.17045876,-0.2605881,0.07781072,-10.609145,0.0,0.0,0.44512424,1.0,0.0,0.0,0.0,0.0,0.0,0.0,0.0,0.0,0.0,0.0,0.0,0.0,0.0,0.0,0.0,0.0,0.0,0.0,0.0,0.0,0.0,0.0,0.0,0.0,0.0,0.0,0.0,1.0,0.0,0.0,0.0,0.0,0.0,-0.5680399,0.20516117,0.702288,-0.56647336,0.19361582,0.66402245,0.64222175,-0.3939274,0.07169049,0.61675185,-0.3379394,0.053629175,-1.4712471,1.0215749,0.3656451,0.5846209,-0.24637459,0.39277017,0.1423928,-0.21331257,0.22435589,0.73682994,-0.499783,-0.7399329,2.5937078,0.8065167,0.0,0.04,0.36427355,-0.7683261,0.32951236,1.9032483,1.3131056,-1.1919402,-0.30165818,0.52512884,-1.3690919e-05,0.00013302392
0.0,0.0,0.44512423872947693,1.0,0.0,0.0,0.0,0.0,0.0,0.0,0.0,0.0,0.0,0.0,0.0,0.0,0.0,0.0,0.0,0.0,0.0,0.0,0.0,0.0,0.0,0.0,0.0,0.0,0.0,0.0,0.0,1.0,0.0,0.0,0.0,0.0,0.0,-0.5680398941040039,0.2051611691713333,0.7022879719734192,-0.5664733648300171,0.19361582398414612,0.6640224456787109,0.6422217488288879,-0.3939273953437805,0.07169049233198166,0.6167518496513367,-0.33793941140174866,0.05362917482852936,-1.4712470769882202,1.021574854850769,0.3656451106071472,0.5846208930015564,-0.24637459218502045,0.3927701711654663,0.14239279925823212,-0.213312566280365,0.22435589134693146,0.736829936504364,-0.4997830092906952,-0.7399328947067261,2.593707799911499,0.806516706943512,0.0,0.03999999910593033,0.3642735481262207,-0.7683261036872864,0.329512357711792,1.9032483100891113,1.313105583190918,-1.191940188407898,-0.30165818333625793,0.5251288414001465,-1.3690919331565965e-05,0.00013302391744218767,0.98324424,-0.99182504,0.13731702,0.82258725,-0.0069500357,0.06445364,0.56055486,0.3681271,-0.38664246,-0.18533587,0.2330134,-0.30463383,0.25909403,-10.521788,0.0,0.0,0.44512424,1.0,0.0,0.0,0.0,0.0,0.0,0.0,0.0,0.0,0.0,0.0,0.0,0.0,0.0,0.0,0.0,0.0,0.0,0.0,0.0,0.0,0.0,0.0,0.0,0.0,0.0,0.0,0.0,1.0,0.0,0.0,0.0,0.0,0.0,-0.5384335,0.18799433,0.7175324,-0.53672576,0.1785733,0.6786947,0.56232786,-0.37004766,0.3365683,0.5713191,-0.29324707,0.3181423,-1.4416909,1.0095719,0.38578466,0.5927108,-0.23427334,0.39972478,0.15928748,-0.21624112,0.23251885,0.81623775,-0.44407701,-0.7978667,2.5661473,0.84212804,4.8056717e-07,0.04,0.35206443,-0.00093703443,0.09383165,1.6225636,1.054397,-1.1583185,-0.5617634,0.7209654,1.1325848e-05,0.00017368226
0.0,0.0,0.44512423872947693,1.0,0.0,0.0,0.0,0.0,0.0,0.0,0.0,0.0,0.0,0.0,0.0,0.0,0.0,0.0,0.0,0.0,0.0,0.0,0.0,0.0,0.0,0.0,0.0,0.0,0.0,0.0,0.0,1.0,0.0,0.0,0.0,0.0,0.0,-0.5384334921836853,0.1879943311214447,0.7175323963165283,-0.5367257595062256,0.17857329547405243,0.6786947250366211,0.5623278617858887,-0.3700476586818695,0.33656829595565796,0.5713191032409668,-0.2932470738887787,0.318142294883728,-1.4416909217834473,1.00957190990448,0.38578465580940247,0.5927107930183411,-0.23427334427833557,0.3997247815132141,0.1592874825000763,-0.21624112129211426,0.23251885175704956,0.81623774766922,-0.4440770149230957,-0.797866702079773,2.5661473274230957,0.8421280384063721,4.805671665053524e-07,0.03999999910593033,0.35206443071365356,-0.0009370344341732562,0.09383165091276169,1.6225636005401611,1.0543969869613647,-1.1583185195922852,-0.5617634057998657,0.7209653854370117,1.1325848390697502e-05,0.00017368225962854922,0.98347515,-0.99273545,0.19539367,0.8167311,0.14880677,0.01867785,0.2261245,0.35662442,-0.3230264,-0.2815087,0.5320299,-0.44268227,0.43809348,-10.421072,0.0,0.0,0.44512424,1.0,0.0,0.0,0.0,0.0,0.0,0.0,0.0,0.0,0.0,0.0,0.0,0.0,0.0,0.0,0.0,0.0,0.0,0.0,0.0,0.0,0.0,0.0,0.0,0.0,0.0,0.0,0.0,1.0,0.0,0.0,0.0,0.0,0.0,-0.50295717,0.17719129,0.72733617,-0.50186205,0.17131151,0.68778545,0.77565664,-0.16234896,0.1658156,0.7484146,-0.039775077,0.14655097,-1.4131818,0.99713534,0.41253906,0.5732254,-0.24140888,0.5602157,0.17756274,-0.20355657,0.23176281,0.8496937,-0.38957214,-0.84576637,2.5245073,0.9229284,3.848676e-07,0.04,0.36790645,0.24610871,-2.9236653e-05,0.592353,1.0501993,-0.95131457,-0.85461754,1.6585236,-5.6248714e-06,0.00028968777
0.0,0.0,0.44512423872947693,1.0,0.0,0.0,0.0,0.0,0.0,0.0,0.0,0.0,0.0,0.0,0.0,0.0,0.0,0.0,0.0,0.0,0.0,0.0,0.0,0.0,0.0,0.0,0.0,0.0,0.0,0.0,0.0,1.0,0.0,0.0,0.0,0.0,0.0,-0.5029571652412415,0.17719128727912903,0.7273361682891846,-0.5018620491027832,0.17131151258945465,0.6877854466438293,0.7756566405296326,-0.16234895586967468,0.16581560671329498,0.7484145760536194,-0.03977507725358009,0.1465509682893753,-1.4131817817687988,0.99713534116745,0.4125390648841858,0.5732253789901733,-0.24140888452529907,0.5602157115936279,0.17756274342536926,-0.20355656743049622,0.2317628115415573,0.8496937155723572,-0.3895721435546875,-0.8457663655281067,2.5245072841644287,0.9229283928871155,3.8486760445266555e-07,0.03999999910593033,0.36790645122528076,0.24610871076583862,-2.9236653062980622e-05,0.5923529863357544,1.050199270248413,-0.9513145685195923,-0.8546175360679626,1.6585235595703125,-5.624871391773922e-06,0.00028968777041882277,0.98228276,-0.9932936,0.14532396,0.8182619,0.2546334,-0.20943876,0.18010688,0.35167798,-0.36245424,-0.20550562,0.5195961,-0.46064228,0.518361,-10.327394,0.0,0.0,0.44512424,1.0,0.0,0.0,0.0,0.0,0.0,0.0,0.0,0.0,0.0,0.0,0.0,0.0,0.0,0.0,0.0,0.0,0.0,0.0,0.0,0.0,0.0,0.0,0.0,0.0,0.0,0.0,0.0,1.0,0.0,0.0,0.0,0.0,0.0,-0.47164264,0.16282591,0.7397657,-0.47130862,0.16016605,0.6998555,0.5349555,-0.40975815,0.26853496,0.51121396,-0.29658324,0.26066214,-1.3827078,0.98698115,0.43555698,0.6186582,-0.1897716,0.44034448,0.19533405,-0.17884545,0.22246604,0.8693512,-0.34227735,-0.89953965,2.4921746,1.0040276,9.474621e-08,0.04,0.35830945,0.5485769,-0.32069898,0.4134291,0.959764,-1.0815854,-0.6292421,1.6202104,-0.00021710053,0.00034629076
0.0,0.0,0.44512423872947693,1.0,0.0,0.0,0.0,0.0,0.0,0.0,0.0,0.0,0.0,0.0,0.0,0.0,0.0,0.0,0.0,0.0,0.0,0.0,0.0,0.0,0.0,0.0,0.0,0.0,0.0,0.0,0.0,1.0,0.0,0.0,0.0,0.0,0.0,-0.4716426432132721,0.16282591223716736,0.7397657036781311,-0.4713086187839508,0.16016605496406555,0.6998555064201355,0.5349555015563965,-0.40975815057754517,0.26853495836257935,0.5112139582633972,-0.29658323526382446,0.26066213846206665,-1.3827078342437744,0.9869811534881592,0.43555697798728943,0.618658185005188,-0.1897715926170349,0.4403444826602936,0.1953340470790863,-0.17884545028209686,0.22246603667736053,0.8693512082099915,-0.3422773480415344,-0.8995396494865417,2.4921746253967285,1.0040276050567627,9.474621265326277e-08,0.03999999910593033,0.35830944776535034,0.5485768914222717,-0.32069897651672363,0.4134291112422943,0.9597640037536621,-1.08158540725708,-0.6292421221733093,1.6202104091644287,-0.00021710053260903805,0.0003462907625362277,0.98089164,-0.9928654,0.16669448,0.7554363,0.21392426,-0.20265603,0.13600117,0.29050627,-0.1923074,-0.13912882,0.5276578,-0.39353356,0.5994251,-10.257542,0.0,0.0,0.44512424,1.0,0.0,0.0,0.0,0.0,0.0,0.0,0.0,0.0,0.0,0.0,0.0,0.0,0.0,0.0,0.0,0.0,0.0,0.0,0.0,0.0,0.0,0.0,0.0,0.0,0.0,0.0,0.0,1.0,0.0,0.0,0.0,0.0,0.0,-0.4462124,0.14261629,0.7535553,-0.44604814,0.14381275,0.7135734,0.5016393,-0.42437726,0.24891865,0.49760288,-0.29077944,0.25241977,-1.3522971,0.9772987,0.45970523,0.60472566,-0.19238044,0.48388988,0.21272333,-0.15618017,0.20032202,0.88457763,-0.3013568,-0.92795634,2.471101,1.0862144,9.099623e-08,0.04,0.3419314,0.4488048,-0.4535939,0.3003522,0.80995524,-0.5429959,-0.41139564,1.6449561,-6.8924044e-07,0.00047964032
0.0,0.0,0.44512423872947693,1.0,0.0,0.0,0.0,0.0,0.0,0.0,0.0,0.0,0.0,0.0,0.0,0.0,0.0,0.0,0.0,0.0,0.0,0.0,0.0,0.0,0.0,0.0,0.0,0.0,0.0,0.0,0.0,1.0,0.0,0.0,0.0,0.0,0.0,-0.44621241092681885,0.14261628687381744,0.7535552978515625,-0.44604814052581787,0.14381274580955505,0.7135733962059021,0.5016393065452576,-0.4243772625923157,0.24891865253448486,0.4976028800010681,-0.2907794415950775,0.25241976976394653,-1.352297067642212,0.9772986769676208,0.4597052335739136,0.6047256588935852,-0.19238044321537018,0.4838898777961731,0.21272332966327667,-0.15618017315864563,0.2003220170736313,0.8845776319503784,-0.30135679244995117,-0.9279563426971436,2.4711010456085205,1.0862144231796265,9.09962309947332e-08,0.03999999910593033,0.34193140268325806,0.4488047957420349,-0.453593909740448,0.30035218596458435,0.8099552392959595,-0.5429959297180176,-0.4113956391811371,1.644956111907959,-6.892404371683369e-07,0.00047964032273739576,0.9789226,-0.9919754,0.16059469,0.60584176,0.05127313,-0.20420119,-0.03795398,0.334234,-0.16357754,0.067405604,0.48433673,-0.03852086,0.73557115,-10.226589,0.0,0.0,0.44512424,1.0,0.0,0.0,0.0,0.0,0.0,0.0,0.0,0.0,0.0,0.0,0.0,0.0,0.0,0.0,0.0,0.0,0.0,0.0,0.0,0.0,0.0,0.0,0.0,0.0,0.0,0.0,0.0,1.0,0.0,0.0,0.0,0.0,0.0,-0.42305124,0.11827585,0.755062,-0.4237234,0.12258717,0.7153007,0.44585386,-0.50734305,-0.036678948,0.4185314,-0.40114072,-0.025062332,-1.3220613,0.9680634,0.4829629,0.6056503,-0.17886707,0.46233886,0.22872315,-0.15388627,0.17658894,0.883229,-0.25787088,-0.95053214,2.4786968,1.1619378,0.0,0.04,0.28969568,0.0022036305,-0.467076,-0.031426433,0.9239032,-0.44887003,0.18316674,1.5076826,-0.000110478184,0.00046844885
0.0,0.0,0.44512423872947693,1.0,0.0,0.0,0.0,0.0,0.0,0.0,0.0,0.0,0.0,0.0,0.0,0.0,0.0,0.0,0.0,0.0,0.0,0.0,0.0,0.0,0.0,0.0,0.0,0.0,0.0,0.0,0.0,1.0,0.0,0.0,0.0,0.0,0.0,-0.42305123805999756,0.11827585101127625,0.7550619840621948,-0.42372339963912964,0.1225871667265892,0.7153006792068481,0.4458538591861725,-0.507343053817749,-0.036678947508335114,0.4185313880443573,-0.4011407196521759,-0.025062331929802895,-1.32206130027771,0.9680634140968323,0.4829629063606262,0.6056503057479858,-0.17886707186698914,0.4623388648033142,0.22872315347194672,-0.15388627350330353,0.17658893764019012,0.8832290172576904,-0.2578708827495575,-0.9505321383476257,2.478696823120117,1.1619378328323364,0.0,0.03999999910593033,0.289695680141449,0.002203630516305566,-0.46707600355148315,-0.031426433473825455,0.923903226852417,-0.4488700330257416,0.1831667423248291,1.5076825618743896,-0.00011047818406950682,0.0004684488521888852,0.97468305,-0.9911703,0.16475694,0.5459027,0.11124924,-0.16119055,-0.06335776,0.18427987,-0.18479407,0.038101766,0.40422982,0.35393113,0.82586116,-10.21082,0.0,0.0,0.44512424,1.0,0.0,0.0,0.0,0.0,0.0,0.0,0.0,0.0,0.0,0.0,0.0,0.0,0.0,0.0,0.0,0.0,0.0,0.0,0.0,0.0,0.0,0.0,0.0,0.0,0.0,0.0,0.0,1.0,0.0,0.0,0.0,0.0,0.0,-0.39671278,0.10128668,0.7589137,-0.39911926,0.11445096,0.68004483,0.5760659,-0.28274763,0.09058662,0.5533826,-0.16406561,0.11080556,-1.2921982,0.95907384,0.50575995,0.5957056,-0.17614934,0.46202722,0.24120048,-0.14863099,0.15373747,0.880268,-0.22912602,-0.9759375,2.4839258,1.2253327,0.039996173,0.04,0.23782343,0.12539822,-0.41201234,-0.057789803,0.5039494,-0.51363516,0.09624356,1.2563025,6.6729895e-05,0.00021275271
0.0,0.0,0.44512423872947693,1.0,0.0,0.0,0.0,0.0,0.0,0.0,0.0,0.0,0.0,0.0,0.0,0.0,0.0,0.0,0.0,0.0,0.0,0.0,0.0,0.0,0.0,0.0,0.0,0.0,0.0,0.0,0.0,1.0,0.0,0.0,0.0,0.0,0.0,-0.3967127799987793,0.10128667950630188,0.7589136958122253,-0.3991192579269409,0.11445096135139465,0.6800448298454285,0.5760658979415894,-0.28274762630462646,0.09058661758899689,0.5533825755119324,-0.16406561434268951,0.11080556362867355,-1.2921981811523438,0.9590738415718079,0.5057599544525146,0.5957056283950806,-0.17614933848381042,0.4620272219181061,0.24120047688484192,-0.1486309915781021,0.15373747050762177,0.8802679777145386,-0.22912602126598358,-0.9759374856948853,2.4839258193969727,1.2253327369689941,0.03999617323279381,0.03999999910593033,0.23782342672348022,0.12539821863174438,-0.41201233863830566,-0.05778980255126953,0.5039494037628174,-0.5136351585388184,0.09624356031417847,1.2563024759292603,6.672989547951147e-05,0.0002127527113771066,0.97918034,-0.9924471,0.23972665,0.51027006,0.2924337,-0.33378035,-0.0940123,0.095758975,-0.2621897,0.097172156,0.35983396,0.6714601,0.91092485,-10.182452,0.0,0.0,0.44512424,1.0,0.0,0.0,0.0,0.0,0.0,0.0,0.0,0.0,0.0,0.0,0.0,0.0,0.0,0.0,0.0,0.0,0.0,0.0,0.0,0.0,0.0,0.0,0.0,0.0,0.0,0.0,0.0,1.0,0.0,0.0,0.0,0.0,0.0,-0.3705286,0.08694289,0.7741269,-0.37220705,0.10333602,0.69584244,0.50691754,-0.28669423,0.3269152,0.53807074,-0.19899768,0.34444168,-1.2620656,0.95071423,0.5405853,0.61222386,-0.15180111,0.7089763,0.25136805,-0.11716956,0.11191745,0.8711954,-0.21537465,-1.0134666,2.4972858,1.2815591,0.04,0.04,0.20663518,0.6952856,-0.89084727,-0.17246024,0.21733864,-0.7634142,0.2800253,1.1184219,9.284366e-06,0.0001558427
0.0,0.0,0.44512423872947693,1.0,0.0,0.0,0.0,0.0,0.0,0.0,0.0,0.0,0.0,0.0,0.0,0.0,0.0,0.0,0.0,0.0,0.0,0.0,0.0,0.0,0.0,0.0,0.0,0.0,0.0,0.0,0.0,1.0,0.0,0.0,0.0,0.0,0.0,-0.37052860856056213,0.0869428887963295,0.7741268873214722,-0.37220704555511475,0.10333602130413055,0.695842444896698,0.5069175362586975,-0.2866942286491394,0.3269152045249939,0.5380707383155823,-0.19899767637252808,0.344441682100296,-1.2620656490325928,0.9507142305374146,0.5405852794647217,0.6122238636016846,-0.15180110931396484,0.7089763283729553,0.25136804580688477,-0.11716955900192261,0.11191745102405548,0.871195375919342,-0.2153746485710144,-1.0134665966033936,2.497285842895508,1.2815591096878052,0.03999999910593033,0.03999999910593033,0.20663517713546753,0.6952856183052063,-0.8908472657203674,-0.17246024310588837,0.21733863651752472,-0.763414204120636,0.28002530336380005,1.1184219121932983,9.284365660278127e-06,0.00015584270295221359,0.9752747,-0.99226713,0.21667424,0.32292333,0.20585191,-0.19824456,-0.0824082,0.2246102,-0.20870726,-0.007835515,0.28036055,0.8138271,0.92246515,-9.785103,0.0,0.0,0.44512424,1.0,0.0,0.0,0.0,0.0,0.0,0.0,0.0,0.0,0.0,0.0,0.0,0.0,0.0,0.0,0.0,0.0,0.0,0.0,0.0,0.0,0.0,0.0,0.0,0.0,0.0,0.0,0.0,1.0,0.0,0.0,0.0,0.0,0.0,-0.34166723,0.077082574,0.7775336,-0.34350646,0.096933015,0.7000572,0.60915524,-0.16463588,-0.024329122,0.5969118,-0.069599554,7.860521e-05,-1.2315971,0.9434774,0.5719361,0.61013514,-0.13614702,0.6273481,0.26048338,-0.09305969,0.08233582,0.8659118,-0.18797179,-1.0434955,2.4975038,1.325534,0.04,0.04,0.15103544,0.43668765,-0.52362204,-0.11853295,0.61060923,-0.5913843,-0.00147173,0.86808616,8.3080704e-05,0.00014172052
0.0,0.0,0.44512423872947693,1.0,0.0,0.0,0.0,0.0,0.0,0.0,0.0,0.0,0.0,0.0,0.0,0.0,0.0,0.0,0.0,0.0,0.0,0.0,0.0,0.0,0.0,0.0,0.0,0.0,0.0,0.0,0.0,1.0,0.0,0.0,0.0,0.0,0.0,-0.3416672348976135,0.0770825743675232,0.7775335907936096,-0.34350645542144775,0.09693301469087601,0.7000572085380554,0.6091552376747131,-0.16463588178157806,-0.02432912215590477,0.5969117879867554,-0.06959955394268036,7.860521145630628e-05,-1.2315970659255981,0.9434773921966553,0.5719360709190369,0.6101351380348206,-0.13614702224731445,0.6273481249809265,0.26048338413238525,-0.09305968880653381,0.08233582228422165,0.8659117817878723,-0.1879717856645584,-1.043495535850525,2.4975037574768066,1.3255339860916138,0.03999999910593033,0.03999999910593033,0.15103544294834137,0.4366876482963562,-0.5236220359802246,-0.1185329481959343,0.610609233379364,-0.5913842916488647,-0.0014717299491167068,0.8680861592292786,8.30807039164938e-05,0.00014172052033245564,0.96112186,-0.9934291,0.28088787,0.5542917,0.2715894,-0.20677818,0.07332228,0.35222825,-0.13406295,-0.2331638,0.120620735,0.8280021,0.89399105,-9.23984,0.0,0.0,0.44512424,1.0,0.0,0.0,0.0,0.0,0.0,0.0,0.0,0.0,0.0,0.0,0.0,0.0,0.0,0.0,0.0,0.0,0.0,0.0,0.0,-0.0056161648,0.0,0.0,0.0,0.0,0.0,0.0,0.0,1.0,0.0,0.0,0.0,0.0,0.0,-0.30911532,0.07559792,0.7699549,-0.31160688,0.099506594,0.6948751,0.28102598,-0.03469248,-0.48846108,0.40922186,-0.03815668,0.08819754,-1.2014793,0.9368591,0.6127059,0.54854095,-0.027533256,0.8778937,0.27042943,-0.060715675,0.052880626,0.87155527,-0.13758723,-1.0618055,2.4652057,1.3445249,0.04,0.038834117,0.21438445,1.1784356,-0.90595174,0.59735817,0.9888096,-0.17066191,-0.15240651,0.105015606,0.008559099,-0.56329554
0.0,0.0,0.44512423872947693,1.0,0.0,0.0,0.0,0.0,0.0,0.0,0.0,0.0,0.0,0.0,0.0,0.0,0.0,0.0,0.0,0.0,0.0,0.0,0.0,-0.005616164766252041,0.0,0.0,0.0,0.0,0.0,0.0,0.0,1.0,0.0,0.0,0.0,0.0,0.0,-0.30911532044410706,0.07559791952371597,0.7699549198150635,-0.31160688400268555,0.09950659424066544,0.6948751211166382,0.2810259759426117,-0.03469248116016388,-0.48846107721328735,0.4092218577861786,-0.03815668076276779,0.08819753676652908,-1.2014793157577515,0.9368590712547302,0.6127058863639832,0.5485409498214722,-0.027533255517482758,0.8778936862945557,0.27042943239212036,-0.060715675354003906,0.052880626171827316,0.8715552687644958,-0.13758723437786102,-1.0618054866790771,2.465205669403076,1.34452486038208,0.03999999910593033,0.038834117352962494,0.21438445150852203,1.1784355640411377,-0.905951738357544,0.5973581671714783,0.9888095855712891,-0.17066191136837006,-0.1524065136909485,0.10501560568809509,0.008559099398553371,-0.5632955431938171,0.44478905,-0.6834767,-0.16413032,0.6711092,0.27159008,-0.9660622,0.37986097,0.7806591,0.21067981,-0.90741044,0.2020817,-0.98418224,-0.9016423,-7.652071,0.0,0.0,0.44512424,1.0,0.0,0.0,0.0,0.0,0.0,0.0,0.0,0.0,0.0,0.0,0.0,0.00597209,0.0,0.0,0.0,0.0,0.0,0.0,0.0,0.29625684,0.0,0.0,0.0,0.0,0.0,0.0,0.0,1.0,0.0,0.0,0.0,0.0,0.0,-0.3168895,0.0685609,0.73839206,-0.31708312,0.07313006,0.7290226,-0.29692462,-0.42286325,-0.16320239,-0.29220855,-0.32774577,-0.10026882,-1.1742723,0.94017726,0.6067992,0.51277626,0.011876105,-0.18948404,0.2860437,-0.027890097,0.015228786,0.92225355,-0.07748108,-1.0317771,2.3159523,1.3741016,1.5902708e-05,0.010410086,0.3500806,0.5754499,-0.8233528,1.0089432,1.3587669,0.61020505,-3.2467039,0.6074902,0.00088383467,-0.015837764
0.0,0.0,0.44512423872947693,1.0,0.0,0.0,0.0,0.0,0.0,0.0,0.0,0.0,0.0,0.0,0.0,0.0059720901772379875,0.0,0.0,0.0,0.0,0.0,0.0,0.0,0.2962568402290344,0.0,0.0,0.0,0.0,0.0,0.0,0.0,1.0,0.0,0.0,0.0,0.0,0.0,-0.3168894946575165,0.0685608983039856,0.7383920550346375,-0.31708312034606934,0.0731300637125969,0.7290226221084595,-0.2969246208667755,-0.422863245010376,-0.16320239007472992,-0.29220855236053467,-0.3277457654476166,-0.10026881843805313,-1.1742722988128662,0.9401772618293762,0.6067991852760315,0.512776255607605,0.011876105330884457,-0.18948404490947723,0.2860437035560608,-0.027890097349882126,0.015228785574436188,0.9222535490989685,-0.07748108357191086,-1.0317771434783936,2.3159523010253906,1.3741016387939453,1.5902707673376426e-05,0.010410086251795292,0.35008060932159424,0.5754498839378357,-0.8233528137207031,1.0089432001113892,1.3587669134140015,0.6102050542831421,-3.246703863143921,0.6074901819229126,0.0008838346693664789,-0.015837764367461205,0.16106188,0.963418,-0.17051397,0.8840672,-0.12125717,-0.97494686,0.53933877,0.32774317,-0.5274933,-0.96698016,0.6765336,-0.98132676,-0.8953689,-7.1967406,0.0,0.0,0.44512424,1.0,0.0,0.0,0.0,0.0,0.0,0.0,0.0,0.0,0.0,0.0,0.0,0.033319123,0.0,0.0,0.0,0.0,0.0,0.0,0.0,0.8352577,0.0,0.0,0.0,0.0,0.0,0.0,0.0,1.0,0.0,0.0,0.0,0.0,0.0,-0.34512776,0.065877415,0.7372128,-0.34610522,0.07191654,0.7274637,-0.82312095,-0.04328113,0.019285277,-0.86885154,-0.07123119,0.19906275,-1.1623476,0.95155936,0.59328055,0.09257553,0.32274696,-0.29121858,0.3016203,-0.040743906,-0.043860883,0.99059,-0.06979676,-1.1099991,2.1525145,1.4755797,0.0106399,0.0008696971,0.29493156,-0.36107764,-1.3294867,1.2873697,0.00058996025,-1.763777,-3.1517534,2.0922377,0.00042745448,-0.163478
0.0,0.0,0.44512423872947693,1.0,0.0,0.0,0.0,0.0,0.0,0.0,0.0,0.0,0.0,0.0,0.0,0.03331912308931351,0.0,0.0,0.0,0.0,0.0,0.0,0.0,0.8352577090263367,0.0,0.0,0.0,0.0,0.0,0.0,0.0,1.0,0.0,0.0,0.0,0.0,0.0,-0.34512776136398315,0.06587741523981094,0.7372127771377563,-0.3461052179336548,0.07191654294729233,0.7274637222290039,-0.8231209516525269,-0.043281130492687225,0.019285276532173157,-0.8688515424728394,-0.0712311863899231,0.1990627497434616,-1.1623475551605225,0.9515593647956848,0.593280553817749,0.09257552772760391,0.32274696230888367,-0.2912185788154602,0.3016203045845032,-0.040743906050920486,-0.04386088252067566,0.99058997631073,-0.06979676336050034,-1.1099990606307983,2.1525144577026367,1.4755797386169434,0.010639900341629982,0.0008696970762684941,0.294931560754776,-0.3610776364803314,-1.3294867277145386,1.287369728088379,0.0005899602547287941,-1.7637770175933838,-3.1517534255981445,2.092237710952759,0.0004274544771760702,-0.16347800195217133,0.21628024,0.95262176,-0.11680549,0.97391397,0.6134928,-0.9765972,-0.17343171,0.34479368,-0.41720226,-0.9811759,0.4699513,-0.9471529,-0.8827827,-7.1420736,0.0,0.0,0.44512424,1.0,0.0,0.0,0.0,0.0,0.0,0.0,0.0,0.0,0.0,0.0,0.0,0.08621031,0.0,0.0,0.0,0.0,0.0,0.0,0.0,1.2406768,0.0,0.0,0.0,0.0,0.0,0.0,0.0,1.0,0.0,0.0,0.0,0.0,0.0,-0.39773217,0.06321656,0.7381997,-0.40002844,0.07181777,0.72652787,-1.1955023,-0.06669279,-0.076466,-1.2513278,-0.0071620587,-0.023618698,-1.1611078,0.9703399,0.58466005,-0.0002059487,0.41699067,-0.17603724,0.3173374,0.033450447,-0.12669952,0.96085685,-0.069797434,-1.1820945,1.9904644,1.5497591,0.014631675,4.7745212e-05,0.3263539,1.6638165,-1.7941904,-0.6362702,0.0011428936,-1.3990867,-3.2275937,1.4535222,0.00039628136,0.0011929757
0.0,0.0,0.44512423872947693,1.0,0.0,0.0,0.0,0.0,0.0,0.0,0.0,0.0,0.0,0.0,0.0,0.08621031045913696,0.0,0.0,0.0,0.0,0.0,0.0,0.0,1.240676760673523,0.0,0.0,0.0,0.0,0.0,0.0,0.0,1.0,0.0,0.0,0.0,0.0,0.0,-0.3977321684360504,0.06321655958890915,0.7381997108459473,-0.40002843737602234,0.07181777060031891,0.7265278697013855,-1.1955022811889648,-0.0666927918791771,-0.07646600157022476,-1.2513277530670166,-0.007162058725953102,-0.023618698120117188,-1.1611077785491943,0.9703398942947388,0.5846600532531738,-0.00020594870147760957,0.4169906675815582,-0.1760372370481491,0.31733739376068115,0.033450447022914886,-0.1266995221376419,0.9608568549156189,-0.06979743391275406,-1.1820944547653198,1.990464448928833,1.5497591495513916,0.014631674624979496,4.774521221406758e-05,0.32635390758514404,1.6638164520263672,-1.7941904067993164,-0.6362702250480652,0.0011428935686126351,-1.3990867137908936,-3.2275936603546143,1.4535222053527832,0.00039628136437386274,0.0011929756728932261,0.76200515,0.9376959,-0.30081156,0.9658655,0.6683428,-0.9862845,-0.19331408,0.26360512,-0.13627402,-0.9769372,-0.10030732,-0.9565817,-0.95983225,-7.1341195,0.0,0.0,0.44512424,1.0,0.0,0.0,0.0,0.0,0.0,0.0,0.0,0.0,0.0,0.0,0.0,0.15736414,0.0,0.0,0.0,0.0,0.0,0.0,0.0,1.572651,0.0,0.0,0.0,0.0,0.0,0.0,0.0,1.0,0.0,0.0,0.0,0.0,0.0,-0.4690758,0.060168937,0.7371543,-0.47184798,0.069403246,0.72549176,-1.5675799,-0.019818418,-0.061862066,-1.5670741,-0.019515656,-0.0065408833,-1.1549258,0.997923,0.55019194,0.15893859,0.60827106,-0.7350469,0.33429223,0.12669718,-0.20631519,0.92637235,-0.06981843,-1.2086695,1.8277333,1.537886,0.015125451,6.3747298e-06,0.37325907,1.9364672,-1.7521998,-0.5729988,-0.0015663656,-0.38874343,-3.2248843,-0.329182,-0.04245901,-8.364134e-05
0.0,0.0,0.44512423872947693,1.0,0.0,0.0,0.0,0.0,0.0,0.0,0.0,0.0,0.0,0.0,0.0,0.1573641449213028,0.0,0.0,0.0,0.0,0.0,0.0,0.0,1.5726510286331177,0.0,0.0,0.0,0.0,0.0,0.0,0.0,1.0,0.0,0.0,0.0,0.0,0.0,-0.4690757989883423,0.06016893684864044,0.7371543049812317,-0.4718479812145233,0.06940324604511261,0.7254917621612549,-1.5675798654556274,-0.019818417727947235,-0.06186206638813019,-1.5670740604400635,-0.01951565593481064,-0.006540883332490921,-1.15492582321167,0.9979230165481567,0.5501919388771057,0.15893858671188354,0.608271062374115,-0.735046923160553,0.3342922329902649,0.12669718265533447,-0.20631518959999084,0.9263723492622375,-0.06981842964887619,-1.2086695432662964,1.8277332782745361,1.5378860235214233,0.015125450678169727,6.374729764502263e-06,0.3732590675354004,1.936467170715332,-1.7521997690200806,-0.5729988217353821,-0.0015663655940443277,-0.38874343037605286,-3.224884271621704,-0.3291819989681244,-0.04245901107788086,-8.364133827853948e-05,0.9123849,0.36058608,-0.40258545,0.9453255,0.770182,-0.975577,0.20135812,0.24287665,-0.4178269,-0.9036085,-0.5205062,-0.93847156,-0.9685249,-7.0379643,0.0,0.0,0.44512424,1.0,0.0,0.0,0.0,0.0,0.0,0.0,0.0,0.0,0.0,0.0,0.0,0.2410621,0.0,0.0,0.0,0.0,0.0,0.0,0.0,1.733838,0.0,0.0,0.0,0.0,0.0,0.0,0.0,1.0,0.0,0.0,0.0,0.0,0.0,-0.55237114,0.05616865,0.7360216,-0.55436087,0.063971296,0.7259011,-1.7491375,-0.02052904,-0.04433649,-1.7038294,-0.045871466,-0.027493251,-1.1408396,1.0263015,0.49906597,0.32449543,0.5299227,-1.0675446,0.35473973,0.23925625,-0.28799355,0.95218855,-0.069939606,-1.2669098,1.6721771,1.4589444,0.012897724,3.534162e-05,0.45842737,2.286454,-1.731457,0.7097449,-0.00201785,-1.0827109,-3.164026,-1.6523424,-0.035515152,6.927865e-05
0.0,0.0,0.44512423872947693,1.0,0.0,0.0,0.0,0.0,0.0,0.0,0.0,0.0,0.0,0.0,0.0,0.24106210470199585,0.0,0.0,0.0,0.0,0.0,0.0,0.0,1.7338379621505737,0.0,0.0,0.0,0.0,0.0,0.0,0.0,1.0,0.0,0.0,0.0,0.0,0.0,-0.5523711442947388,0.05616864934563637,0.7360215783119202,-0.5543608665466309,0.06397129595279694,0.7259011268615723,-1.7491375207901,-0.020529039204120636,-0.04433649033308029,-1.7038294076919556,-0.045871466398239136,-0.027493251487612724,-1.1408395767211914,1.0263015031814575,0.49906596541404724,0.32449543476104736,0.5299227237701416,-1.0675445795059204,0.3547397255897522,0.23925624787807465,-0.28799355030059814,0.9521885514259338,-0.06993960589170456,-1.2669098377227783,1.6721770763397217,1.4589444398880005,0.012897724285721779,3.5341621696716174e-05,0.458427369594574,2.28645396232605,-1.731456995010376,0.7097448706626892,-0.0020178500562906265,-1.082710862159729,-3.1640260219573975,-1.652342438697815,-0.03551515191793442,6.92786488798447e-05,0.86481506,-0.76194084,-0.5375595,0.97194654,0.8557993,-0.9183709,0.25865456,0.18260558,-0.7970912,-0.5595336,0.29120043,-0.94930756,-0.9564781,-6.771948,0.0,0.0,0.44512424,1.0,0.0,0.0,0.0,0.0,0.0,0.0,0.0,0.0,0.0,0.0,0.0,0.32721248,0.0,0.0,0.0,0.0,0.0,0.0,0.0,1.6695229,0.0,0.0,0.0,0.0,0.0,0.0,0.0,1.0,0.0,0.0,0.0,0.0,0.0,-0.6365225,0.04346746,0.73643565,-0.6371544,0.04781107,0.7318094,-1.6833252,-0.18269816,0.0009550378,-1.6316159,-0.1937227,0.10566585,-1.1189284,1.0442585,0.42732033,0.48520458,0.24146648,-1.484119,0.38180688,0.36657315,-0.35291308,1.0082318,-0.0764836,-1.3679782,1.5516754,1.4947282,0.0063683446,8.861973e-06,0.6069025,2.564638,-1.3170476,1.2515152,-0.25571513,-1.9011831,-2.5362172,0.7631998,0.00043338133,-0.08902513
0.0,0.0,0.44512423872947693,1.0,0.0,0.0,0.0,0.0,0.0,0.0,0.0,0.0,0.0,0.0,0.0,0.32721248269081116,0.0,0.0,0.0,0.0,0.0,0.0,0.0,1.6695228815078735,0.0,0.0,0.0,0.0,0.0,0.0,0.0,1.0,0.0,0.0,0.0,0.0,0.0,-0.6365224719047546,0.043467458337545395,0.7364356517791748,-0.6371544003486633,0.04781106859445572,0.7318093776702881,-1.683325171470642,-0.18269816040992737,0.0009550377726554871,-1.6316158771514893,-0.1937226951122284,0.10566584765911102,-1.1189284324645996,1.04425847530365,0.42732033133506775,0.4852045774459839,0.2414664775133133,-1.4841190576553345,0.381806880235672,0.36657315492630005,-0.3529130816459656,1.00823175907135,-0.0764835998415947,-1.3679782152175903,1.5516754388809204,1.4947282075881958,0.006368344649672508,8.861972673912533e-06,0.6069024801254272,2.5646378993988037,-1.3170475959777832,1.2515151500701904,-0.25571513175964355,-1.9011831283569336,-2.536217212677002,0.7631998062133789,0.00043338132672943175,-0.08902513235807419,0.8214213,-0.978079,-0.5427598,0.9558104,0.96127146,-0.6870843,-0.10315682,0.45176962,-0.8717339,-0.023178885,0.3434296,-0.9626064,-0.97828513,-3.7726278,0.0,0.0,0.44512424,1.0,0.0,0.0,0.0,0.0,0.0,0.0,0.0,0.0,0.0,0.0,0.0,0.3885487,0.0,0.0,0.0,0.0,0.0,0.0,0.0,2.5553163e-08,0.0,0.0,0.0,0.0,0.0,0.0,0.0,1.0,0.0,0.0,0.0,0.0,0.0,-0.69906205,0.031680133,0.73799807,-0.6995138,0.041182227,0.72989935,-0.012509413,0.010302039,-0.026336085,-0.0036314738,0.050949246,0.05609061,-1.0983881,1.0542148,0.35025537,0.43126053,0.060741857,-1.2470993,0.41740867,0.5065638,-0.37880522,1.0315067,-0.070048496,-1.4667602,1.4961656,1.5426644,0.012487222,6.086623e-06,0.6779249,3.100613,0.73209566,-0.027690664,0.6840638,-2.3796883,-0.60020804,0.8910829,-0.022691192,-0.00011248121
0.0,0.0,0.44512423872947693,1.0,0.0,0.0,0.0,0.0,0.0,0.0,0.0,0.0,0.0,0.0,0.0,0.38854870200157166,0.0,0.0,0.0,0.0,0.0,0.0,0.0,2.5553163141012192e-08,0.0,0.0,0.0,0.0,0.0,0.0,0.0,1.0,0.0,0.0,0.0,0.0,0.0,-0.6990620493888855,0.03168013319373131,0.7379980683326721,-0.6995137929916382,0.041182227432727814,0.7298993468284607,-0.012509413063526154,0.010302038863301277,-0.02633608505129814,-0.0036314737517386675,0.05094924569129944,0.05609060823917389,-1.0983880758285522,1.0542148351669312,0.3502553701400757,0.43126052618026733,0.0607418566942215,-1.2470992803573608,0.41740867495536804,0.5065637826919556,-0.3788052201271057,1.0315066576004028,-0.0700484961271286,-1.4667601585388184,1.4961656332015991,1.5426644086837769,0.01248722244054079,6.086623216106091e-06,0.6779248714447021,3.1006131172180176,0.7320956587791443,-0.027690663933753967,0.6840637922286987,-2.379688262939453,-0.600208044052124,0.8910828828811646,-0.022691192105412483,-0.00011248121154494584,0.9860357,-0.9641216,-0.27399993,0.9669317,0.96771204,-0.48190066,0.2646969,0.75109696,-0.81481624,-0.44862047,-0.7342014,-0.88591987,-0.976581,-3.7561655,0.0,0.0,0.44512424,1.0,0.0,0.0,0.0,0.0,0.0,0.0,0.0,0.0,0.0,0.0,0.0,0.3885441,0.0,0.0,0.0,0.0,0.0,0.0,0.0,-7.036425e-10,0.0,0.0,0.0,0.0,0.0,0.0,0.0,1.0,0.0,0.0,0.0,0.0,0.0,-0.69725686,0.03393413,0.7381353,-0.6973872,0.042259116,0.73007923,-0.006821911,0.049770303,-0.015656976,0.029186957,-0.017611787,-0.021106355,-1.0697379,1.0494205,0.3135946,0.61290586,-0.12713034,-0.7440037,0.44634917,0.6479155,-0.39349058,1.0663815,-0.06988449,-1.5884959,1.4202205,1.4313881,0.011549797,3.565289e-05,0.55619055,2.8288815,-0.4731127,0.87356186,-0.0024949799,-2.311312,-1.6373426,-2.322865,-0.04536592,0.00032993947
0.0,0.0,0.44512423872947693,1.0,0.0,0.0,0.0,0.0,0.0,0.0,0.0,0.0,0.0,0.0,0.0,0.38854411244392395,0.0,0.0,0.0,0.0,0.0,0.0,0.0,-7.036424776174499e-10,0.0,0.0,0.0,0.0,0.0,0.0,0.0,1.0,0.0,0.0,0.0,0.0,0.0,-0.697256863117218,0.033934131264686584,0.7381352782249451,-0.6973872184753418,0.04225911572575569,0.7300792336463928,-0.006821910850703716,0.0497703030705452,-0.015656976029276848,0.029186956584453583,-0.017611786723136902,-0.021106354892253876,-1.0697379112243652,1.0494204759597778,0.31359460949897766,0.6129058599472046,-0.12713034451007843,-0.7440037131309509,0.446349173784256,0.6479154825210571,-0.39349058270454407,1.0663814544677734,-0.06988448649644852,-1.5884958505630493,1.4202204942703247,1.4313881397247314,0.011549796909093857,3.565289080142975e-05,0.556190550327301,2.8288815021514893,-0.47311270236968994,0.8735618591308594,-0.0024949798826128244,-2.311311960220337,-1.6373425722122192,-2.3228650093078613,-0.045365918427705765,0.00032993947388604283,0.97632337,-0.97374374,-0.35358006,0.98309034,0.6703458,-0.8149327,0.0033152206,0.68517405,-0.5294637,-0.61651266,-0.80543756,-0.77169895,-0.98365027,-3.7376137,0.0,0.0,0.44512424,1.0,0.0,0.0,0.0,0.0,0.0,0.0,0.0,0.0,0.0,0.0,0.0,0.3885487,0.0,0.0,0.0,0.0,0.0,0.0,0.0,-6.19611e-11,0.0,0.0,0.0,0.0,0.0,0.0,0.0,1.0,0.0,0.0,0.0,0.0,0.0,-0.6975781,0.041028842,0.7355891,-0.6975421,0.04459806,0.73150533,-0.018963758,0.18328084,-0.04326845,-0.0038014404,0.07924265,-0.009261018,-1.0341377,1.0417314,0.27298647,0.74167824,-0.16669065,-0.8443466,0.47298995,0.75860554,-0.42322272,1.0682847,-0.06979927,-1.6657946,1.3079965,1.3042288,0.0053684586,5.5292774e-05,0.5459777,2.0999193,-0.6674377,-0.0008634045,-0.005475525,-1.5013219,-2.3312688,-2.5639997,-0.0943864,0.00041912627
0.0,0.0,0.44512423872947693,1.0,0.0,0.0,0.0,0.0,0.0,0.0,0.0,0.0,0.0,0.0,0.0,0.38854870200157166,0.0,0.0,0.0,0.0,0.0,0.0,0.0,-6.196110291512014e-11,0.0,0.0,0.0,0.0,0.0,0.0,0.0,1.0,0.0,0.0,0.0,0.0,0.0,-0.6975780725479126,0.04102884232997894,0.7355890870094299,-0.6975420713424683,0.044598061591386795,0.7315053343772888,-0.018963757902383804,0.1832808405160904,-0.04326844960451126,-0.003801440354436636,0.07924264669418335,-0.00926101766526699,-1.0341377258300781,1.041731357574463,0.2729864716529846,0.7416782379150391,-0.1666906476020813,-0.8443465828895569,0.472989946603775,0.7586055397987366,-0.42322272062301636,1.0682847499847412,-0.0697992667555809,-1.6657946109771729,1.3079965114593506,1.3042287826538086,0.0053684585727751255,5.529277405003086e-05,0.5459777116775513,2.099919319152832,-0.6674376726150513,-0.0008634044788777828,-0.005475524812936783,-1.5013219118118286,-2.331268787384033,-2.563999652862549,-0.09438639879226685,0.0004191262705717236,0.9659381,-0.9838997,-0.49542522,0.98337764,0.3564892,-0.8866996,-0.21897909,0.7190777,-0.34860155,-0.7314564,-0.7691274,-0.70279247,-0.9839395,-3.7185369,0.0,0.0,0.44512424,1.0,0.0,0.0,0.0,0.0,0.0,0.0,0.0,0.0,0.0,0.0,0.0,0.3885487,0.0,0.0,0.0,0.0,0.0,0.0,0.0,0.00014621392,0.0,0.0,0.0,0.0,0.0,0.0,0.0,1.0,0.0,0.0,0.0,0.0,0.0,-0.69807243,0.045447577,0.7355087,-0.6980398,0.047448818,0.7327399,-0.00031561713,0.07019363,-0.00054267235,0.003145577,-0.005630534,0.009179199,-0.99078035,1.0304011,0.21836126,0.91820514,-0.30211347,-1.1276338,0.49696758,0.8398258,-0.44343615,1.0342017,-0.06980296,-1.7204175,1.1892325,1.1812211,0.0033096264,0.00010679648,0.47256345,1.5368886,-0.44420382,-0.72486085,0.0013685189,-1.0729467,-2.4568553,-2.4283085,-0.05260901,0.0003490615

